zebra,mode,blocked,x,y,theta_rad,theta_deg
0.0,,,,,,
0.0,,,,,,
1.0,1.0,1.0,285.0,64.0,-0.4034929994800634,-23.118445933281954
1.0,0.0,0.0,242.0,255.0,-0.033603276832211676,-1.9253259402954677
1.0,1.0,1.0,384.0,80.0,1.2521632146046717,71.74366745838165
1.0,1.0,1.0,345.0,328.0,0.0,0.0
1.0,0.0,1.0,438.0,304.0,0.0,0.0
