zebra,mode,blocked,x,y,theta_rad,theta_deg
0.0,,,,,,
0.0,,,,,,
1.0,1.0,1.0,420.0,289.0,0.4842046948086556,27.742885432956047
1.0,0.0,0.0,234.0,254.0,-0.27234631957192446,-15.60429467739244
1.0,1.0,1.0,348.0,75.0,1.0077594989767285,57.74036605558494
1.0,1.0,1.0,345.0,328.0,0.0,0.0
1.0,0.0,1.0,438.0,304.0,0.0,0.0
